{
  "model": "GANN",
  "test_metrics": {
    "rmse": 1.5063077701870893,
    "r2": 0.08613651990890503
  }
}