{
  "model": "GNN",
  "test_metrics": {
    "rmse": 1.510238277380335,
    "r2": 0.08136105537414551
  }
}