{
  "model": "GNN_iter5",
  "hyperparameters": {
    "learning_rate": 0.0001,
    "weight_decay": 0.001,
    "batch_size": 64,
    "gradient_clipping": 1.0,
    "dropout": 0.3
  },
  "test_metrics": {
    "rmse": 1.4948286878230297,
    "r2": 0.10001194477081299
  }
}