{
  "model": "GNN_iter4",
  "test_metrics": {
    "rmse": 1.46394967832224,
    "r2": 0.13681048154830933
  }
}