{
  "model": "GNN_iter3",
  "test_metrics": {
    "rmse": 1.42514073864802,
    "r2": 0.18196964263916016
  }
}