{
  "model": "XGBoost",
  "timestamp": "2026-01-16T09:54:31.645457",
  "hyperparameters": {
    "n_estimators": 100,
    "max_depth": 6,
    "learning_rate": 0.1,
    "random_state": 42,
    "n_jobs": -1
  },
  "validation_metrics": {
    "rmse": 1.8046640799009546,
    "r2": 0.13136451528838122
  },
  "test_metrics": {
    "rmse": 1.4410176535362362,
    "r2": 0.1631231921822639
  }
}