{
  "model": "XGBoost",
  "timestamp": "2026-01-05T21:11:10.870991",
  "hyperparameters": {
    "n_estimators": 100,
    "max_depth": 6,
    "learning_rate": 0.1,
    "random_state": 42,
    "n_jobs": -1
  },
  "validation_metrics": {
    "rmse": 1.4302355389319792,
    "r2": 0.37119568761888444
  }
}