{
  "model": "GNN",
  "test_metrics": {
    "rmse": 1.5089967652596499,
    "r2": 0.08425110578536987
  }
}