{
  "model": "GNN",
  "test_metrics": {
    "rmse": 1.708907155063456,
    "r2": -0.17445600032806396
  }
}