{
  "model": "GANN",
  "test_metrics": {
    "rmse": 1.488270596844049,
    "r2": 0.1092340350151062
  }
}