{
  "model": "GNN_iter3",
  "test_metrics": {
    "rmse": 1.419363045686196,
    "r2": 0.18981021642684937
  }
}