{
  "model": "GNN_iter4",
  "test_metrics": {
    "rmse": 1.394540182987955,
    "r2": 0.21790075302124023
  }
}